{
 "Accuracy": 31.369999999999997,
 "Time": [
  38.67262149066667,
  0.4140408795968137
 ],
 "Device": "TITAN RTX",
 "Param_names": [
  "Identity",
  "FlipUD",
  "FlipLR",
  "Rotate",
  "TranslateX",
  "TranslateY",
  "ShearX",
  "ShearY",
  "Contrast",
  "Color",
  "Brightness",
  "Sharpness",
  "Posterize",
  "Solarize"
 ],
 "Log": [
  {
   "epoch": 1,
   "train_loss": 2.2571041584014893,
   "val_loss": 2.212921142578125,
   "acc": 20.169999999999998,
   "time": 38.788926192000005,
   "param": [
    0.0714285746216774,
    0.0714285746216774,
    0.0714285746216774,
    0.0714285746216774,
    0.0714285746216774,
    0.0714285746216774,
    0.0714285746216774,
    0.0714285746216774,
    0.0714285746216774,
    0.0714285746216774,
    0.0714285746216774,
    0.0714285746216774,
    0.0714285746216774,
    0.0714285746216774
   ]
  },
  {
   "epoch": 2,
   "train_loss": 2.212834358215332,
   "val_loss": 2.043567180633545,
   "acc": 25.009999999999998,
   "time": 38.117478509,
   "param": [
    0.0714285746216774,
    0.0714285746216774,
    0.0714285746216774,
    0.0714285746216774,
    0.0714285746216774,
    0.0714285746216774,
    0.0714285746216774,
    0.0714285746216774,
    0.0714285746216774,
    0.0714285746216774,
    0.0714285746216774,
    0.0714285746216774,
    0.0714285746216774,
    0.0714285746216774
   ]
  },
  {
   "epoch": 3,
   "train_loss": 2.091825008392334,
   "val_loss": 1.9359350204467773,
   "acc": 31.369999999999997,
   "time": 39.111459771,
   "param": [
    0.0714285746216774,
    0.0714285746216774,
    0.0714285746216774,
    0.0714285746216774,
    0.0714285746216774,
    0.0714285746216774,
    0.0714285746216774,
    0.0714285746216774,
    0.0714285746216774,
    0.0714285746216774,
    0.0714285746216774,
    0.0714285746216774,
    0.0714285746216774,
    0.0714285746216774
   ]
  }
 ]
}